type,hiddens,batch_size,cores,gpus,samples_per_s,disc_final_loss,disc_final_acc,train_time
single,"128,128",128,1,0,94226.97459653733,0.15152022,1.0,60
single,"128,128",128,2,0,78074.13064009791,0.14020444,1.0,60
single,"128,128",128,4,0,52043.68719288196,0.17559682,0.9921875,60
